{
  "type": "minecraft:crafting_shaped",
  "category": "equipment",
  "pattern": [
    "ISI",
    " C ",
    " H "
  ],
  "key": {
    "I": {
      "item": "minecraft:iron_block"
    },
    "S": {
      "item": "minecraft:shield"
    },
    "C": {
      "item": "minecraft:iron_sword",
      "components": {
        "minecraft:custom_model_data": 102
      }
    },
    "H": {
      "item": "minecraft:air"
    }
  },
  "result": {
    "id": "minecraft:iron_sword",
    "count": 1,
    "components": {
      "minecraft:custom_name": "{\"text\":\"Cutlass — Tier II\",\"color\":\"aqua\",\"italic\":false}",
      "minecraft:lore": [
        "{\"text\":\"⚔ Sword & Shield combined\",\"color\":\"blue\",\"italic\":false}",
        "{\"text\":\"+ 12 Attack Damage\",\"color\":\"dark_green\",\"italic\":false}",
        "{\"text\":\"+ 1.8 Attack Speed\",\"color\":\"dark_green\",\"italic\":false}",
        "{\"text\":\"\",\"italic\":false}",
        "{\"text\":\"• Can block attacks (Shield)\",\"color\":\"green\",\"italic\":false}",
        "{\"text\":\"• Durability lost only when blocking\",\"color\":\"aqua\",\"italic\":false}",
        "{\"text\":\"• NOT enchantable\",\"color\":\"red\",\"italic\":false}",
        "{\"text\":\"\",\"italic\":false}",
        "{\"text\":\"TIER II\",\"color\":\"aqua\",\"bold\":true,\"italic\":false}"
      ],
      "minecraft:custom_model_data": 103,
      "minecraft:attribute_modifiers": {
        "modifiers": [
          {
            "type": "minecraft:attack_damage",
            "slot": "mainhand",
            "id": "rkrmc:cutlass_t2_damage",
            "amount": 11.0,
            "operation": "add_value"
          },
          {
            "type": "minecraft:attack_speed",
            "slot": "mainhand",
            "id": "rkrmc:cutlass_t2_speed",
            "amount": -2.2,
            "operation": "add_value"
          }
        ],
        "show_in_tooltip": false
      },
      "minecraft:max_damage": 600
    }
  }
}