{
  "parent": "minecraft:item/handheld",
  "textures": {
    "layer0": "minecraft:item/iron_sword"
  },
  "overrides": [
    {
      "predicate": {
        "custom_model_data": 101
      },
      "model": "minecraft:item/cutlass_tier1"
    },
    {
      "predicate": {
        "custom_model_data": 102
      },
      "model": "minecraft:item/cutlass_tier1_upgraded"
    },
    {
      "predicate": {
        "custom_model_data": 103
      },
      "model": "minecraft:item/cutlass_tier2"
    },
    {
      "predicate": {
        "custom_model_data": 104
      },
      "model": "minecraft:item/cutlass_tier2_upgraded"
    }
  ]
}